frame_number,blur_scores
0,7.081100018367063
1,6.078666569786027
2,6.15866174743192
3,6.1631510360068935
4,4.994123745857081
5,5.132002566819729
6,5.727572542378875
7,4.259684295692437
8,4.5912053441000475
9,7.474922732598365
10,8.140329352758076
11,8.24158657240703
12,8.114450629170737
13,8.798641951493671
14,7.098353091521135
15,8.443685344856164
16,8.656029584239555
17,6.879962850911444
18,8.911263432221999
19,7.638286513563359
20,8.61460019027205
21,8.871770823654781
22,7.597806212083732
23,8.987330246880084
24,8.845504909585502
25,7.493918306008773
26,8.137034141463545
27,8.825057870369438
28,7.523982439107361
29,7.3038705609459225
30,8.381643035400055
31,6.617413184765893
32,5.396566351303475
33,5.76202977987021
34,6.102836589136106
35,6.456782405264057
36,8.92922164349526
37,8.203951099525646
38,8.722223668590539
39,8.929975886002367
40,8.433306325954867
41,8.311936246039407
42,8.37761284673011
43,8.531626639537471
44,8.713749513995824
45,8.077810088682238
46,8.743498258656107
47,8.832016296860923
48,7.664673507208775
49,8.642835647566727
50,8.662617185657824
51,8.41282404935767
52,8.890381455390838
53,8.162315779245633
54,8.605489480396637
55,8.620528065203738
56,8.405748936479144
57,8.842717496136165
58,8.297970186985587
59,8.561826292426877
60,7.633761090776993
61,7.872121414247126
62,8.550179867775354
63,8.548389752830552
64,8.440355420496548
65,8.664133387685181
66,8.539955623226346
67,8.443064203927419
68,8.49144145036141
69,8.371499320854577
70,8.838057959032511
71,8.558473184494813
72,8.396545609157974
73,8.791958422661548
74,8.436334858048474
75,8.785387728459028
76,8.806856662079866
77,8.387770528858745
78,8.903742748615745
79,8.514269858570904
80,8.582588228944294
81,8.765994404590652
82,8.382841915512381
83,8.787454658720167
84,8.526684982605392
85,8.61275318235663
86,8.834289155140226
87,8.411909239968901
88,8.782036058456782
89,8.577977401080819
90,8.5208772044043
91,8.859788770018714
92,8.59043977834443
93,8.629737639316625
94,8.718181423052712
95,8.501539351550448
96,8.808078702288762
97,8.60388744202707
98,8.627539532018593
99,8.77102621956354
100,8.54340035277943
101,8.74926984471358
102,8.77787325684766
103,8.585130206007646
104,8.814506651222432
105,8.584442023405348
106,8.644774787454908
107,8.83804060560731
108,8.522498069714112
109,8.796342082658095
110,8.623394579447165
111,8.66987991310193
112,8.868928913615656
113,8.596453026623493
114,8.719718844848444
115,8.769879428155011
116,8.57252845169274
117,8.891040700519497
118,8.685953891782404
119,8.701328124887432
120,7.588284625548111
121,8.143486689755276
122,8.658926022180955
123,8.59404947517557
124,8.530889756386042
125,8.587695312069982
126,8.275830417175703
127,8.31340999621318
128,8.34974681712754
129,8.199857244690712
130,8.529570791623657
131,8.460145149153277
132,8.462602233962071
133,8.743839216430047
134,8.511597688388816
135,8.697094898834019
136,8.610749408122716
137,8.4695838148829
138,8.624767064958737
139,8.510659713104632
140,8.506127986098974
141,8.544702930214967
142,8.230828026537901
143,8.418092670679405
144,8.224207657748991
145,8.077452248984809
146,8.225849246819799
147,8.05143711330354
148,8.289652777769415
149,8.209469038369253
150,8.298392642330287
151,7.886840739516262
152,3.731359949014202
153,3.6757494185836217
154,2.7014028390359646
155,2.515085818699592
156,3.221301118097829
157,3.0014520454170674
158,3.273341516274915
159,3.192059220585986
160,3.1300130205800656
161,3.558588444043675
162,3.3062524112372906
163,3.18298417164623
164,2.7819405862104416
165,2.411371526940533
166,2.45331693381106
167,2.4890393518434797
168,2.909257798311258
169,2.783650652515215
170,2.652095857378078
171,2.3129644029217027
172,2.5482151539657636
173,2.8143257967892668
174,2.5583482734053407
175,2.327278627730005
176,2.316001611657211
177,2.5473413337090056
178,2.7709803827535504
179,2.453622178668506
180,2.4840629803271894
181,2.4105950992332486
182,2.505376626816922
183,2.7842399123808304
184,2.7997458236433874
185,2.919091903478374
186,2.5375380299255803
187,2.477653798680536
188,2.84315919514839
189,2.7640296500351496
190,2.979877440400624
191,2.8061785336499527
192,2.654421645276499
193,2.9314543727703235
194,2.287812957688087
195,2.6036723432931916
196,2.7609162454905976
197,2.553235384363663
198,2.9204556281667853
199,2.8305704412996677
200,2.8206423025030336
201,3.253914821747204
202,2.497557799505958
203,2.6868831634709864
204,2.9583125342877388
205,2.7604681924504524
206,3.3119231502766104
207,2.422486902807835
208,2.6589626275568268
209,3.1106630247997797
210,2.899747204717293
211,3.0125882103072117
212,2.8578659848625287
213,2.726515200861946
214,3.1599444580057208
215,2.9390759843284124
216,2.975900304349467
217,3.5239033051072033
218,3.0502767928949237
219,3.096674350532353
220,3.0366044099642324
221,2.9760734614331112
222,3.5036260016461287
223,3.065860755689239
224,3.057620051709131
225,3.3588073617047653
226,3.0158685222077475
227,3.5518190504220897
228,3.1035672125724596
229,3.0456297720273198
230,3.5168532737428424
231,2.7784447038226956
232,3.050391087828772
233,3.2614453000899375
234,3.054487364929831
235,3.5711077308460615
236,2.9900853551624205
237,2.975975592261256
238,3.613994957998398
239,3.068223363665231
240,2.2942404513049324
241,2.882367364558466
242,2.8783347561285506
243,3.6130246299144755
244,2.995548272761592
245,3.029094791800393
246,3.596857108488405
247,2.9491541068752847
248,3.637857341577394
249,2.4484866768617044
250,2.776162197058735
251,3.441589494916546
252,3.000869480680171
253,3.014049949750418
254,3.246869201084318
255,2.991563934349197
256,3.5621985690365303
257,3.1257373329582365
258,3.067303708341807
259,3.6575356646660615
260,2.260895536529769
261,2.772495657880052
262,2.8524907943893045
263,2.9233511705184334
264,3.656109649699834
265,2.27855612550633
266,2.671962270728612
267,3.291275050904492
268,2.3563310149425525
269,3.295159625118324
270,2.8052266515819295
271,2.792989447978503
272,3.3867587329984867
273,3.0231514826991592
274,3.013881609038308
275,3.4223200684428643
276,2.9388305120018408
277,3.5536882590871968
278,3.13000239842186
279,3.0776538132541815
280,3.459145915595208
281,2.3227358205868858
282,2.829278063611109
283,3.1867809604786053
284,3.0950067489300754
285,3.7289747298452425
286,3.1713801859835438
287,3.0736019319703782
288,3.7224237816625556
289,3.1117577828594345
290,3.636609272370279
291,3.236833999824727
292,3.138649205113837
293,3.6227102512931184
294,3.1544666229922513
295,3.2653824223324617
296,3.547071759146695
297,2.912333139158555
298,3.3300067472416313
299,2.8143176030393167
300,2.3386019464602996
301,3.5069511956518244
302,2.791469416846757
303,3.1623186363691165
304,3.2371387455523206
305,3.074865406158824
306,3.7379084483984637
307,3.096813739206005
308,3.0939154077830784
309,3.6858106584125405
310,2.997766678168319
311,3.8230434857206106
312,3.202893030677986
313,3.0988599289873044
314,3.8130135555293494
315,3.135205393137479
316,3.4259769847356503
317,3.6073032001055227
318,3.23515860428045
319,3.952197110050006
320,3.1940542814582984
321,3.2590740493576704
322,4.136080687946075
323,3.1663478105540084
324,3.5573041764308027
325,3.483489068025584
326,3.32345046747269
327,4.273694993341301
328,3.2987909687278885
329,3.410884928385186
330,3.8923987229214516
331,3.2351340522839336
332,4.238672831286287
333,3.401566825391331
334,3.396275547848202
335,4.10467011417249
336,3.249237049672924
337,3.5822926225994496
338,3.61721304156887
339,3.293814123080951
340,4.120691052586342
341,3.421260583623538
342,3.464508542491771
343,4.333115779744963
344,3.3304711131180316
345,3.709129022761009
346,3.3790586267337286
347,3.3220548261456733
348,4.338880171493627
349,3.33970095387502
350,3.448514127084844
351,3.7466111814617817
352,3.360249760421426
353,4.476659813816818
354,3.4773446198407476
355,3.423637571902363
356,4.30238703685749
357,3.3974546086640878
358,3.8664211616987116
359,3.5865504245164415
360,2.5241435183845597
361,3.869524975684313
362,3.187097304484096
363,3.430141291491394
364,4.143479931550387
365,3.4028419054542742
366,4.075604726875632
367,3.475424341691046
368,3.4122366514792284
369,4.5689419069215464
370,3.453467318734426
371,3.665776332209265
372,3.7359514550310085
373,3.446394663623076
374,4.70922981413958
375,3.451491111301631
376,3.512134444625291
377,4.3389394958224
378,3.4830391135151926
379,4.3204272344244155
380,3.615450404006035
381,3.5234861505767436
382,4.619247174605075
383,3.4699816356685087
384,3.7532223872813444
385,4.0773186423628625
386,3.5240036032008226
387,4.526340141658261
388,3.5860430622700274
389,3.6250563514571112
390,4.824116948544479
391,3.5159370079732417
392,3.9250371166587987
393,3.6957103388305605
394,3.5941478311148853
395,5.112855886813378
396,3.597234746728384
397,3.581127506442508
398,4.164466120352945
399,3.533701746849243
400,4.78166133089884
401,3.641352198177293
402,3.5907686369151866
403,4.75378227012691
404,3.5115581153089366
405,3.99062547592142
406,3.9254836886914823
407,3.5625356370881414
408,4.854675909470343
409,3.524841807141482
410,3.675676109148609
411,4.583248927059209
412,3.4684871583349923
413,4.141872106406129
414,3.409997094812147
415,3.2190215005280125
416,4.8615475315281795
417,2.9924382713667868
418,3.117866481531345
419,3.360984277442128
420,2.5161776367103794
421,2.8303713322634074
422,2.56609567847651
423,2.420244948097513
424,2.6378404688780055
425,2.729114564575325
426,2.5840885391512085
427,2.8165026971557428
428,2.6499160872336325
429,2.4669883251102407
430,2.7754865747380557
431,2.6179904513495846
432,2.8108376733876117
433,2.6068354544096675
434,2.526689324077414
435,2.7206655050832675
436,2.7720948755688437
437,2.839781037808643
438,2.9125988448026856
439,2.5888107613734337
440,2.7328925171726377
441,2.690472074615706
442,2.557154661354699
443,2.9828534172708125
444,2.585445564267928
445,2.6289766257203677
446,2.9465552407233164
447,2.8010334591542723
448,3.0928250211199666
449,2.9664428857539096
450,2.860511153259883
451,3.0347453308933425
452,2.2700747491258317
453,2.6456249972873267
454,2.645325029277527
455,2.6793754700569874
456,2.948149084812205
457,2.836071059236673
458,2.8342987783777676
459,3.2450337279092007
460,2.856273121578643
461,2.906787699781294
462,3.13914874316673
463,3.025205389743846
464,3.401328535099087
465,2.352062069580747
466,2.6951354828087846
467,3.132919538692176
468,2.971273616212491
469,3.1810295772848427
470,2.955773980648467
471,2.826201235912843
472,3.3350732910072516
473,3.016882661568923
474,3.0517244882526326
475,3.552413152634289
476,3.0397053313802
477,3.186610722793186
478,3.139078865790604
479,3.0642399495768293
480,2.750360717088757
481,2.1771826759053483
482,2.6420529464991453
483,3.1442317500415156
484,2.9249941863934596
485,3.405045802059212
486,2.4796059909208323
487,2.648650173181093
488,3.2075998124289944
489,2.8123605662132634
490,3.044957068923931
491,3.1287070539949253
492,2.92982443203443
493,3.316770328003682
494,3.0450578293453683
495,3.0647183469912145
496,3.5042925139304058
497,2.3966150609627346
498,2.881250960204594
499,2.99173271618311
500,2.84180795122009
501,3.5195105078144975
502,2.262770047882225
503,2.705888295180826
504,3.3343740267408974
505,2.9569236957879728
506,3.5387934003581387
507,3.1004894759313206
508,2.938855111070589
509,3.421785768526993
510,2.8559750396481984
511,3.0547376159854034
512,3.2562509497371708
513,3.022488866565845
514,3.5031404097489727
515,3.091967538561457
516,3.020505855484369
517,3.5599083000184257
518,3.0090605026675363
519,3.0546696218043197
520,3.150059725403754
521,2.9068720756671467
522,3.6453216200065883
523,3.0520147875727246
524,3.0606919358239386
525,3.7165479865598785
526,3.157853934670745
527,3.5738329193659477
528,3.1388391767669597
529,3.1099411304717477
530,3.698223323790044
531,3.1097371440646144
532,3.2342437914231588
533,3.643188126156652
534,3.1689197177128197
535,3.6961766845777544
536,3.184379317783564
537,3.176323290166287
538,3.810255568501223
539,3.157356744106383
540,2.3931539351256506
541,2.9756322327522975
542,2.9353906139474364
543,3.684348954522939
544,3.109107343949588
545,3.077077542834753
546,3.7402049320813386
547,3.0803669757084284
548,3.69297307344892
549,2.4700694312708604
550,2.8487022415835574
551,3.592940756390707
552,3.0789906122792274
553,3.265247839750834
554,3.6487494496786668
555,2.4952121625419132
556,3.474745343800865
557,3.0881896054579943
558,3.0831934799382714
559,3.832785968120609
560,2.3273731585948734
561,2.9192216434431666
562,3.24120080726785
563,3.16117862586504
564,3.6691536427576197
565,2.3663020790317537
566,2.708152479029945
567,3.527381350019141
568,3.0418764397987306
569,3.6218875006214226
570,2.628628445337356
571,2.9903009047147897
572,3.472981271626037
573,3.0942409083153177
574,3.1901894961535766
575,3.4863965706447173
576,2.583197790242447
577,3.619851354036242
578,3.1802429988005794
579,3.273803511202253
580,4.264144441214538
581,2.4009953534161608
582,2.9817703442797234
583,3.2924074068259856
584,3.0459167535333873
585,4.032160477618097
586,2.471720674054926
587,2.8027208633401917
588,3.6845105087522168
589,3.2735811966507518
590,3.780561333289872
591,2.6799329640578433
592,3.1502565583731257
593,3.887774882844315
594,3.3153804649803025
595,3.6159625565075233
596,3.433230121683134
597,2.9946103256600027
598,3.8526745723790077
599,3.3153737144752786
600,2.5845973151543196
601,4.062648533649208
602,2.518844011024831
603,3.203599012380052
604,3.3240089515436058
605,3.3835006570509907
606,4.481173798352573
607,2.6176282652469003
608,3.1303645609835424
609,3.6935035226185544
610,3.4189033130787028
611,4.385483213416602
612,2.730079082625881
613,3.166080230457995
614,4.264356163802608
615,3.416514730531925
616,3.755651997952953
617,3.7151736042308183
618,3.5094372064095936
619,4.348888391983784
620,3.528835334532708
621,3.6399685739587855
622,4.452411714980307
623,2.683631364727674
624,3.7529176055382605
625,3.4644077793637065
626,3.5528279168571877
627,4.836261091820758
628,2.762477320597154
629,3.344351358033389
630,3.7551933653843284
631,3.5657841342157965
632,4.857408834742353
633,2.800091145228424
634,3.2832132521694612
635,4.52266878852071
636,3.6284307482744556
637,4.24862461214256
638,3.313220479855962
639,3.4504508919837846
640,4.758462088265033
641,3.666877395904548
642,3.7582590481246902
643,4.319665311668522
644,3.0574541696246973
645,4.383460099825037
646,3.626334828607215
647,3.759470904750094
648,5.221399964130334
649,2.8782952296069353
650,3.734433834094187
651,3.899191743198296
652,3.743574459094184
653,5.291819045688864
654,2.9686940534091946
655,3.5281061900307034
656,4.554760794595311
657,3.731293401504234
658,4.767977912378624
659,3.8446026232186408
660,2.7604504242487553
661,4.749007031685133
662,3.5948311893574183
663,3.980641861013312
664,4.1419343086453155
665,3.7526682780001424
666,4.956378266367875
667,3.663806411201048
668,3.822967286661197
669,4.978330359405811
670,3.816881684227789
671,4.342732902760355
672,3.927019177586338
673,3.884226399233512
674,5.785560316642873
675,3.8608164120714132
676,4.048600013261726
677,4.446444318020224
678,3.8843672779968768
679,5.407190345582527
680,3.946017530494138
681,3.8559928762155966
682,5.137999507289723
683,3.741281311619136
684,4.397289232616779
685,3.9843710852203347
686,3.7282291632051225
687,5.510101268325616
688,3.7456047200437097
689,3.9650737815385986
690,4.713507907149614
691,3.7778660142498244
692,4.863009734060633
693,3.91376251476528
694,3.8627068704875733
695,5.655713249652141
696,3.8261385610123746
697,4.198006809089613
698,4.179638287835397
699,3.7878245554617713
700,5.8413498050370505
701,3.7794453794758818
702,3.8579089296861566
703,4.78820017051516
704,3.7850737331290953
705,5.005344800005394
706,4.088869105560949
707,3.884730411314764
708,5.8431196926519835
709,3.861217688613192
710,4.3627613516981025
711,4.519900633225091
712,3.831902005097446
713,5.515946177317279
714,3.920977510674082
715,4.034412104507586
716,5.28829425298862
717,3.837898806722924
718,4.678294255472448
719,4.116346920674271
720,2.9119304546114906
721,5.848634249197436
722,3.5197482474333026
723,3.7792983143075474
724,4.163039156435161
725,3.3277758482295945
726,4.983476562499766
727,3.4027729427291695
728,3.4297178415034195
729,4.12061390273483
730,3.730898918409771
731,2.7269560116382263
732,2.7297685035141623
733,2.988580722524292
734,2.864673994587899
735,2.8205647166838945
736,3.2785310432525954
737,2.9101171753039003
738,2.5507797899562203
739,2.5811467955138254
740,2.3646783223049095
741,2.782404030591802
742,2.846194020306391
743,2.350378552586342
744,2.6858998279629094
745,2.8322824929066286
746,2.6400139817056307
747,2.5234495561818036
748,2.464608386079764
749,2.697076532578725
750,2.8332971215497964
751,2.592548671275298
752,2.8514742237211435
753,2.5320606281526468
754,2.6751359781640573
755,2.797446903801227
756,2.7819940609004434
757,3.2274170070337123
758,2.3366950941183804
759,2.6300033430667265
760,3.0677854768729493
761,2.882752208780301
762,2.9570080970293215
763,2.899926678772856
764,2.778948652168674
765,3.1537494916469644
766,2.93530666670146
767,2.9293744584362504
768,3.050979879195603
769,2.821345937039841
770,3.029897228060378
771,2.9683641737158966
772,2.997271372560007
773,3.5744174170604714
774,2.3085551298918556
775,2.76687882192176
776,2.9618016765997432
777,2.7168151555921125
778,3.3342022335006574
779,2.280877665965578
780,2.1912798923226733
781,3.030254622908413
782,2.8139828513479315
783,3.2781239940771796
784,3.089704808858653
785,2.876601503658192
786,3.2644574136846534
787,2.8238246734016785
788,2.954893833969154
789,3.446691156862408
790,3.000893541775089
791,3.2460787116182273
792,3.07729647371687
793,2.9521749611509027
794,3.4466256635889447
795,2.220214583997315
796,2.6291222988012963
797,3.0880574726892545
798,2.9816921736070836
799,3.598540690698609
800,2.3480550468899484
801,2.6140494782436035
802,3.334461801126528
803,2.991657488971578
804,3.0797111194498377
805,3.1924348910775486
806,2.941236474274475
807,3.352817745473285
808,3.030621126253709
809,3.086283681090461
810,3.56738279029417
811,2.526987324528111
812,3.0058555019709488
813,3.0679151947340086
814,2.9727382231554325
815,3.584993719555682
816,2.2842317706377453
817,2.6784374749793995
818,3.2806181996723867
819,2.9876243934541806
820,3.39852182004859
821,2.3926774333984673
822,2.7128192165314835
823,3.2918614554969334
824,2.9599479032707503
825,3.0868349716149304
826,3.2783501963485926
827,3.123840168701275
828,3.303709966965432
829,3.0351552796880017
830,2.953255640731041
831,3.6521734856804215
832,2.391917910559385
833,3.04256171385956
834,3.0772815244654033
835,2.9787803770547026
836,3.481153043463272
837,2.280867564818157
838,2.7533666041726126
839,3.2535083796383275
840,2.2833752833234566
841,3.4454537921946797
842,2.4046373448966514
843,2.6363339049958086
844,3.2645201480202104
845,2.969038836893887
846,3.200411814661065
847,3.250609554505315
848,2.9984939193725597
849,3.5402898124702964
850,3.1578727624794047
851,3.0503182604675336
852,3.8050139371921046
853,2.4342925296966604
854,3.2049228358139237
855,3.1648191529043572
856,3.176376830189302
857,3.7012635024575578
858,2.346145832997506
859,2.7032720674972635
860,3.3625052896612138
861,3.1060213955814526
862,3.5528114952465324
863,2.458017449773257
864,2.791649773619897
865,3.297192765115054
866,2.9954894183102643
867,3.1286506204905997
868,3.1082744772456534
869,3.0362104261024183
870,3.4779431147597024
871,3.13766917044557
872,3.078258062757163
873,3.9460777555124102
874,2.448648224359533
875,3.211918883019383
876,3.1523707479529537
877,3.2382532753905866
878,3.9360927738244937
879,2.424258776987335
880,2.833410487263161
881,3.3859143351478864
882,3.205930705854048
883,3.7711882575308495
884,2.5479243809959766
885,3.0342086150660235
886,3.9027247081615304
887,3.2650525157310413
888,3.4159577293029715
889,3.016082630497599
890,3.1518961800411143
891,3.726485795659312
892,3.2599290854257665
893,3.410869921681502
894,4.022422284579993
895,2.630731549928812
896,3.5182084186297566
897,2.724113600069152
898,3.1769174053920657
899,4.302778698478364
900,2.535709391424654
901,2.959238002912571
902,3.412785469413098
903,3.3526166657698835
904,4.311409590216375
905,2.6134109754753356
906,3.044041738552285
907,4.199058126667559
908,2.678725400468906
909,3.7669188628250376
910,3.1314153879403746
911,3.374645999665065
912,4.284022463409932
913,2.701393685785176
914,3.1753722965686406
915,3.917292626483337
916,3.171381164965683
917,4.111215759807364
918,2.832684218535666
919,3.3442684151073743
920,4.808159719706765
921,2.928374801865986
922,3.2962577000849804
923,3.5422959278971256
924,3.514255368355032
925,4.8167582724033
926,2.925218921408225
927,3.276627114039755
928,4.281289509741362
929,3.110507278872634
930,4.485508279511504
931,3.333186719460728
932,3.5666743822657976
933,4.562717978380178
934,2.9234186704949874
935,3.5704562007690663
936,3.982811050773428
937,3.703001987315994
938,4.4091304850593005
939,2.942712663059733
940,3.471341086522666
941,4.834817154958846
942,3.148013583450541
943,3.961457357570867
944,3.5819087063417703
945,3.7453761431035426
946,5.259074554228235
947,3.2389824141490924
948,3.5095577342508535
949,4.16189133611399
950,3.7000785687284248
951,4.930040020674511
952,3.2186014567466623
953,3.49282455356402
954,4.745711308416023
955,3.131952620827609
956,3.987786456364879
957,3.9125520690294677
958,3.8164066959666596
959,5.062760852450564
960,2.884697625388917
961,3.5087929111287117
962,4.645577695794754
963,3.4423938480246346
964,4.48316642282745
965,3.4179335019207433
966,3.8003698190387634
967,5.485727685435012
968,3.440886847583158
969,3.8903867308723763
970,4.12541854029433
971,3.9149609155806946
972,5.656038290191542
973,3.496620833199142
974,3.7315388691687454
975,4.916553814754946
976,3.5642264355727358
977,4.9093768992054985
978,3.804047022053702
979,3.8931702923130937
980,5.423967005493181
981,3.4828414161620502
982,4.015641368440019
983,4.517202904577595
984,3.984300718720825
985,5.28140478690865
986,3.57421629472688
987,3.991288093879934
988,5.4767071701200996
989,3.72197046047653
990,4.431736582412801
991,4.088219968302788
992,4.023486205801419
993,6.114135295347779
994,3.520554570947132
995,3.97911695682762
996,4.6969294821887
997,3.831884126522214
998,5.5531654866201565
999,3.8890976929099335
1000,4.052389074586097
1001,5.489925238575506
1002,3.8276750397670396
1003,4.682889129669138
1004,4.446066687987571
1005,4.068088828048861
1006,6.034215352022564
1007,3.7110508202653816
1008,4.198422546970697
1009,5.181314129109115
1010,4.043495805737511
1011,5.171169453380409
1012,4.1590822417312845
1013,4.15631989364287
1014,6.144304553838498
1015,3.8453110298702136
1016,4.124237539506565
1017,4.069853388497728
1018,3.738355034720133
1019,6.258556605153486
1020,3.2120693473889186
1021,3.7792804731622787
1022,4.931700414704167
1023,3.6369651812432053
1024,4.881313172184661
1025,3.7796383080418408
1026,3.47056278536075
1027,5.9137596418234555
1028,3.1772251157398106
1029,3.4542582294247257
1030,2.7763463988048462
1031,2.8155063365962456
1032,3.102372637249191
1033,2.9224855176384064
1034,2.8132759096608133
1035,3.04097124025577
1036,2.8905767707609593
1037,3.063836790551197
1038,3.139419836252519
1039,2.9664351720116042
1040,2.702978875712653
1041,2.339309895180053
1042,2.3254586117337896
1043,3.025100778051489
1044,2.9744714437369937
1045,2.63030960603123
1046,2.307434895228424
1047,2.276682535377273
1048,2.5589756723821093
1049,2.7841593653044696
1050,2.460391071333186
1051,2.5716897907012304
1052,2.3140547576946155
1053,2.5251924065714184
1054,2.782885310442378
1055,2.8100019075193385
1056,2.8379002543401293
1057,2.8021984715923822
1058,2.488380556176977
1059,2.7232590192629957
1060,2.7209572295744895
1061,2.9374979894809266
1062,2.8682382720289104
1063,2.600695309477545
1064,3.085940298258651
1065,2.9140724359929497
1066,2.9343869244589884
1067,2.6973581094196133
1068,2.6299020451770567
1069,2.923664590483172
1070,2.8141410187169935
1071,2.752884680054847
1072,3.1653495343185507
1073,2.7849560391424197
1074,2.8444651127547056
1075,3.0127039392483823
1076,2.9324386852855713
1077,3.4137069821202353
1078,2.311491597437441
1079,2.7121653003936217
1080,2.5203616600079637
1081,2.6634476104859606
1082,3.0368113208158527
1083,2.846924175510949
1084,2.7230955505508327
1085,3.2020813349887325
1086,2.9774463977534062
1087,3.0010753990560595
1088,3.4199382297947873
1089,2.978028993111139
1090,3.0918315542203887
1091,3.127601704680705
1092,3.0253896037388524
1093,3.5901711844847903
1094,2.2077816253499325
1095,2.5177840340047877
1096,3.0228607078483654
1097,2.878230597825027
1098,3.36096881016419
1099,2.7031823588078976
1100,2.8665171109944185
1101,3.3056620437998823
1102,2.8637609749134505
1103,3.064822492528611
1104,3.095894047151253
1105,2.8073379150269693
1106,3.232194210518209
1107,3.006196891194177
1108,2.966202722988469
1109,3.4640427132040066
1110,2.3075588348728218
1111,2.789537036879822
1112,3.0251003051804317
1113,2.8666000913266787
1114,3.4577217814881114
1115,2.2404378657002186
1116,2.6697202849899906
1117,3.3636236458809625
1118,2.892009524647069
1119,3.5993817286129324
1120,3.0079865613532992
1121,2.8724406629046384
1122,3.402705905488356
1123,2.9083038777480916
1124,3.1070639977744547
1125,3.2328577698674876
1126,3.0092350384319637
1127,3.503584063521624
1128,3.1355256167695096
1129,3.00089214439491
1130,3.5915812730388894
1131,2.2858723903891467
1132,2.835830920759705
1133,3.1048736463423774
1134,2.881078788795464
1135,3.591981564868983
1136,2.297864582380736
1137,2.7824373062615213
1138,3.506914539379834
1139,3.0848938878654053
1140,2.811677758202759
1141,2.776066258708606
1142,2.7402416066973707
1143,3.4359683624774564
1144,3.052925338469291
1145,3.1626191164730404
1146,3.50808978612871
1147,3.05388453203157
1148,3.5677136032858003
1149,3.164357124278844
1150,3.0025983595273784
1151,3.7222675052279444
1152,3.079934820006617
1153,3.154945468746417
1154,3.240259448811513
1155,3.113788562530812
1156,3.692441639588073
1157,3.1644212620027443
1158,3.0983608137996166
1159,3.6181775601422337
1160,3.089870228278507
1161,3.665185630413207
1162,3.3038425586553335
1163,3.1849372698878797
1164,3.677969696532388
1165,3.184259214234086
1166,3.271563936008801
1167,3.7308270327188553
1168,3.223197807372481
1169,3.6759003649864668
1170,3.2779735382373105
1171,3.253337178840284
1172,3.91393854206645
1173,3.1617910779011393
1174,3.2787730913931727
1175,3.410594125349931
1176,3.2136158857059822
1177,3.805798561470858
1178,3.1967466772762374
1179,3.179169532020266
1180,3.83612074591659
1181,3.1522038593940502
1182,3.759442475955068
1183,3.3158882836156804
1184,3.2330950833544305
1185,3.7061197510314474
1186,3.187952782732173
1187,3.3437977244294133
1188,3.736841686390066
1189,3.2348494821053957
1190,3.684436238522813
1191,3.265799532615453
1192,3.2675949833434297
1193,4.114925236582861
1194,3.231604933314183
1195,3.35375626080581
1196,3.4060508161907905
1197,3.266323301933299
1198,4.084656151176954
1199,3.289112635297853
1200,2.4356630943599504
1201,3.4757141951863444
1202,3.0168561823559563
1203,3.8963951390226157
1204,3.3097805493652923
1205,3.25282694347901
1206,3.9742201877335255
1207,3.3098625400256574
1208,3.54354597730388
1209,3.679608853842699
1210,3.3286983818397267
1211,4.037640806439349
1212,3.330419553621188
1213,3.371713922236355
1214,4.2576292395255795
1215,3.3185078882976455
1216,3.585708411680621
1217,3.499338829974522
1218,3.372110311985002
1219,4.3134186767687455
1220,3.3764289002941656
1221,3.4376918929228104
1222,3.8654310988856584
1223,3.3571918157127767
1224,4.2934717051376525
1225,3.4549372570277974
1226,3.432663443742263
1227,4.177580026170232
1228,3.3352304984805667
1229,3.629497478209863
1230,3.6888194294400822
1231,3.4399889063368434
1232,4.224432867240935
1233,3.4133863742925454
1234,3.521817122260943
1235,4.3092336932033035
1236,3.3888840448650157
1237,3.8784591593812863
1238,3.451682530297987
1239,3.4616917140203083
1240,4.573206002554117
1241,3.453440383839967
1242,3.540256995253818
1243,3.80274930595534
1244,3.4264337331231443
1245,4.515531918511947
1246,2.5395958717042695
1247,2.9877435282247458
1248,4.25172982423303
1249,3.3167322292714543
1250,3.9496397473605462
1251,2.8546551849293125
1252,2.7546575931046133
1253,4.332038471386231
1254,3.3810339498349227
1255,3.667258854698784
1256,3.8946079217546505
1257,2.6924030637246
1258,4.103651604405969
1259,3.5243277391975307
1260,2.6455844868103435
1261,4.640948590838386
1262,2.6745220743477875
1263,3.4237249066304445
1264,3.7236911444704823
1265,3.507485034067823
1266,5.141318479878733
1267,3.7349040226100714
1268,3.7916459196251444
1269,4.650577738468199
1270,3.737304666708185
1271,4.707842860873549
1272,3.8904817462683345
1273,3.641324714396913
1274,4.951315052134458
1275,3.6216261407034422
1276,3.8281307141037013
1277,4.06412895387156
1278,3.4945856938782365
1279,4.80110191311004
1280,3.719826300639549
1281,3.7108385596113846
1282,5.000041420181753
1283,3.762865026682204
1284,4.2460580046635314
1285,3.916140514360639
1286,3.7678534840606335
1287,5.716639648190978
1288,3.7988420412609876
1289,3.851267303433307
1290,4.434497907471626
1291,3.7338382383549167
1292,5.075790385765398
1293,3.873454378504289
1294,3.818599530156742
1295,5.158131256664237
1296,3.734546672420214
1297,4.2570789672663185
1298,4.131809875594099
1299,3.7492741811016543
1300,5.425810164808504
1301,3.795636090140684
1302,3.9774252434854813
1303,4.891059980822071
1304,3.798276909694081
1305,4.725647183106136
1306,3.922113231681374
1307,3.7899372983458357
1308,5.720679961371194
1309,3.709915116735576
1310,3.999044174289689
1311,4.080259931008549
1312,3.584089505543977
1313,5.385570987118485
1314,3.5757971642492885
1315,3.5119728967232593
1316,4.581419268070193
1317,3.3763527162735287
1318,4.350409432831066
1319,3.5903631365068644
1320,2.8106389834973355
1321,5.212421853506988
1322,3.1339833863802435
1323,3.2405444267094996
1324,2.705033254392068
1325,2.730182276662307
1326,2.7646484346345312
1327,2.888407117190171
1328,2.7143021517806654
1329,3.129877017503321
1330,2.900166832046729
1331,2.839215814275966
1332,3.0510421387609505
1333,2.991094212287351
1334,2.5848432461122743
1335,2.3919014890882693
1336,2.331426975317341
1337,2.5865176338834175
1338,2.4103867133916315
1339,2.537771952026535
1340,2.767517325008178
1341,2.4314356554542726
1342,2.5005125743024643
1343,2.5646691589020585
1344,2.4843147080100354
1345,2.989098640328864
1346,2.453449502519986
1347,2.5884818067930024
1348,2.8069584089921333
1349,2.773410900253531
1350,2.8860932245448443
1351,2.598752863711668
1352,2.519483935166396
1353,2.9266926798437494
1354,2.9066787161933068
1355,2.8715108473266255
1356,3.051397058211286
1357,2.794302602961035
1358,2.8845306751473903
1359,2.9748041547433677
1360,2.962231787421017
1361,3.3154113080755416
1362,2.282559793867133
1363,2.6709630494482703
1364,3.036220073739137
1365,2.760378524665153
1366,3.179912690272054
1367,2.9569169132164634
1368,2.7915282241109614
1369,3.2588252045966146
1370,3.012042298618915
1371,3.06788816387919
1372,3.051272158007397
1373,2.8156867051717467
1374,3.130936517777723
1375,2.9942925279217003
1376,3.0045683612818253
1377,3.5045403928429097
1378,2.3843146981249626
1379,2.7794916914007404
1380,2.290487075524256
1381,2.608253759731904
1382,3.311136174197517
1383,2.2343499157982762
1384,2.5627295505006793
1385,3.073485669923956
1386,2.903586404513134
1387,3.3425520093543684
1388,3.1429619207595305
1389,2.8922510910892365
1390,3.2414775591107974
1391,2.9863044362239544
1392,2.9547713698315206
1393,3.327478257390518
1394,2.9883318555901996
1395,3.1389206884480965
1396,3.066496375259422
1397,3.037702521579893
1398,3.6285334576137407
1399,2.2113493334851175
1400,2.687223183914322
1401,3.059605495482301
1402,2.93745367959012
1403,3.5659456772315714
1404,2.3474358466065968
1405,2.7239371103871344
1406,3.351174735288266
1407,2.8995611171606717
1408,3.198753345126346
1409,3.1441965348627323
1410,2.8571064343864525
1411,3.3945085583157013
1412,3.0317736634807804
1413,3.083908591678981
1414,3.5850621470340447
1415,2.5089500910231775
1416,3.055448953359865
1417,2.954401969333132
1418,2.887755085155765
1419,3.4856977636906192
1420,3.042125711113991
1421,3.0483814888008647
1422,3.4513771935808153
1423,3.0511167769141485
1424,3.6824420927899224
1425,3.144533615624186
1426,2.934741971522203
1427,3.5206317451345677
1428,3.0551870927045224
1429,3.2345881212124894
1430,3.3704349404715126
1431,3.1355685515206204
1432,3.5188676471139835
1433,3.147916156410292
1434,3.0798312030240473
1435,3.815947608158419
1436,2.3080015432098766
1437,3.0034273645525134
1438,3.0982199816521985
1439,3.0123548326110603
1440,2.961569733442557
1441,2.758159223637043
1442,2.9220461888942832
1443,3.4283226646894307
1444,3.0025920583072945
1445,3.7455555373222236
1446,3.161484793638984
1447,3.0007831414284216
1448,3.5562855902740558
1449,3.0556620708428968
1450,3.2758038831901812
1451,3.4866410759287287
1452,3.1725987801003956
1453,3.756087933818466
1454,3.2010725013894583
1455,3.2074064382117324
1456,3.9250872591560255
1457,3.1160792719548684
1458,3.4110107979107993
1459,3.2605135893782315
1460,3.172664897676018
1461,3.948295194118915
1462,3.2253240140566337
1463,3.229506149024539
1464,3.686300106806406
1465,3.1521696146281997
1466,4.027263183426067
1467,3.296018972768319
1468,3.237841845284269
1469,3.7216975136578827
1470,3.173389233666357
1471,3.3933134587270914
1472,3.477629660010224
1473,3.186980967635425
1474,3.859605935614289
1475,3.209210485627511
1476,3.320149919981476
1477,4.106420181532334
1478,3.2126214802631976
1479,3.5094699164661627
1480,3.355527515544289
1481,3.2568387828711205
1482,4.132994768148457
1483,3.2785807066724506
1484,3.3937268096463353
1485,3.7351697371220207
1486,3.2868860604966312
1487,3.9853115192847643
1488,3.3110889235387364
1489,3.3063078483080366
1490,3.944685552492914
1491,3.2408974561649693
1492,3.613969412744258
1493,3.5969155017240544
1494,3.3484982571676727
1495,4.034892922860604
1496,3.35950519137912
1497,3.444499903119364
1498,4.128836793465739
1499,3.3013633084044107
1500,2.8126663709831496
1501,2.93512972267522
1502,3.1173610983766147
1503,4.078987227883302
1504,3.213531013695989
1505,3.400428719242737
1506,3.5986014467592597
1507,3.3317245306283922
1508,4.347654800477599
1509,3.371066243210267
1510,3.388845930967025
1511,4.097225106438019
1512,3.3051909495831198
1513,3.780887801519578
1514,3.5678062131219206
1515,3.384289626080967
1516,4.166504611396297
1517,3.385215554066514
1518,3.508406608281299
1519,4.040384331446288
1520,3.424578479988133
1521,4.067113204535106
1522,3.4356466768238887
1523,3.428635199049032
1524,4.517681792584724
1525,3.428393580137652
1526,3.5690002779929966
1527,3.6368976624900338
1528,3.4318373741974346
1529,4.490338537365086
1530,3.417699165901006
1531,3.4545080713752045
1532,4.182864574580403
1533,3.345457631766492
1534,4.163435529177502
1535,3.5265286976671675
1536,3.4550824263735667
1537,4.370454754501688
1538,3.390647652162149
1539,3.6260469704680167
1540,3.8855589088329463
1541,3.5014216684786517
1542,4.401011758222375
1543,3.521961294322399
1544,3.5476084973605477
1545,4.581017054426198
1546,3.4876755106487214
1547,3.7958289838456287
1548,3.661287110993441
1549,3.494589588204005
1550,4.822077055558897
1551,3.527622483710566
1552,3.6008053620729013
1553,4.074025848583101
1554,3.47323638868921
1555,4.543817509772324
1556,3.614854342107623
1557,3.533833417373886
1558,4.603863307269481
1559,3.5035320156511984
1560,2.9068470192591658
1561,3.383350675949702
1562,3.2291415712728386
1563,4.539987424580043
1564,3.430532367546175
1565,3.5769863899115846
1566,4.498660762939777
1567,3.461248520186077
1568,4.163613984799948
1569,3.5502343590355996
1570,3.5342355891891275
1571,5.019162308285558
1572,3.5777555714966995
1573,3.687197622821367
1574,3.755260883318855
1575,3.4052140980205814
1576,4.7692933868922145
1577,3.413868102150793
1578,3.392706371090735
1579,4.517039910453303
1580,3.456405745252701
1581,4.22264901144792
1582,3.7451625132617234
1583,3.5661125551072295
1584,5.069675915473387
1585,3.568951095903161
1586,3.803758191180074
1587,4.196086024460908
1588,3.576200316777904
1589,4.612857332957492
1590,3.6224228372725906
1591,3.611848469279722
1592,5.0852632829830995
1593,3.5674170318161638
1594,3.9828351448241657
1595,3.8467119907532057
1596,3.633825220630787
1597,5.581624705758403
1598,3.6590286836758716
1599,3.746738968892291
1600,4.381169458709002
1601,3.632382314037852
1602,4.784222599451305
1603,3.7592939693916634
1604,3.6514361062885814
1605,5.250125328587013
1606,3.640511166494868
1607,4.160981369669978
1608,4.165507805048288
1609,3.610844425126182
1610,5.172906538486464
1611,3.5311467977055484
1612,3.523029506847659
1613,4.525729150945065
1614,3.17904706740912
1615,3.9079585903282292
1616,3.273961681101655
1617,3.1719583994754514
1618,5.393876346007063
1619,3.2720977863904244
1620,3.0739520639760016
1621,3.5324686395894873
1622,2.971404308034545
1623,2.9683333041888353
1624,2.5993416852514124
1625,2.674192212347338
1626,2.801528240065127
1627,2.6771835957138044
1628,3.0322029091684874
1629,2.771194472826817
1630,2.700522744629575
1631,2.9507132342114857
1632,2.51303576455287
1633,2.6512032086070465
1634,2.3896691329660693
1635,2.388633712415284
1636,2.6298446690707493
1637,2.6521840620655146
1638,2.4670316766411857
1639,2.9337046244042946
1640,2.585093950815755
1641,2.5940435917418685
1642,2.640128238685769
1643,2.516088419426812
1644,2.93387967708258
1645,2.2784490209359984
1646,2.5612229785855813
1647,2.8461004924256126
1648,2.783157766953874
1649,3.1179730749168906
1650,2.8319053653649013
1651,2.7930270681510607
1652,3.131026666100454
1653,2.9324966095763774
1654,2.8875047933863662
1655,3.048379106155952
1656,2.6990513688933877
1657,3.0277926649786986
1658,2.99287324037068
1659,2.960731058095085
1660,3.396250446333184
1661,2.3218735346146
1662,2.6627642709991095
1663,3.0330304738367264
1664,2.9125723207566483
1665,3.2528033123230875
1666,2.8431201679794302
1667,2.8965508967814273
1668,3.160908078927854
1669,2.9588444527796813
1670,3.1019810641837173
1671,3.06248164718063
1672,2.8363300362962427
1673,3.2295032275085505
1674,3.015168748719017
1675,3.028176083089827
1676,3.526996481100441
1677,2.7489872243082636
1678,2.9472665728022065
1679,3.1489404463651867
1680,2.1674377730197607
1681,3.153751440580158
1682,2.8432966670944055
1683,2.8144584024225536
1684,3.2968243447997825
1685,3.0115258209233167
1686,3.5096623613959608
1687,3.08327878357664
1688,2.9199584671585646
1689,3.403117245236408
1690,2.8079083865818797
1691,2.9910522257310235
1692,3.303110030188587
1693,3.0536945214707467
1694,3.3075289063690745
1695,3.0826330752823488
1696,3.0701436854753914
1697,3.6850621782911923
1698,2.254753086047645
1699,2.7571686919842717
1700,3.0312118931627734
1701,2.8966478529167428
1702,3.42102912104519
1703,2.2919801263503077
1704,2.5918262826645986
1705,3.2719096568938575
1706,2.941772728052127
1707,3.1442582718228067
1708,3.072897344704643
1709,2.9988864600354987
1710,3.371553321348592
1711,3.038143312882789
1712,3.1332547111938003
1713,3.595150936372652
1714,2.7139683984852687
1715,3.341283263897588
1716,3.170968789925187
1717,2.9650790266197755
1718,3.580802912864225
1719,2.2561636695751335
1720,2.7850472513127618
1721,3.1836583343296563
1722,3.0318610004717508
1723,3.7113816542272082
1724,3.1782605031519764
1725,2.993006346450617
1726,3.532966818070321
1727,3.0861554591049374
1728,3.3539052211478326
1729,3.2852618344458557
1730,3.013233446690485
1731,3.4951817681929893
1732,3.105279164755655
1733,3.166926542705438
1734,3.6688483056506658
1735,3.0777839928123356
1736,3.439248135081315
1737,3.203951554905261
1738,3.051644445813807
1739,3.7442322522491773
1740,2.23979407750208
1741,2.789008482831789
1742,3.1977276115781463
1743,2.966508438869917
1744,3.6422689881457186
1745,3.1226813109514318
1746,3.0289809752643513
1747,3.6785836104890826
1748,3.0670215980579787
1749,3.438472206980643
1750,3.3691111808347776
1751,3.16431470347775
1752,3.7717741946854897
1753,3.192603122841769
1754,3.2973635138922277
1755,3.9450240957001093
1756,2.36342254964058
1757,3.2923292636493993
1758,3.114244284240183
1759,3.104243277341509
1760,3.825344308874024
1761,2.3020423410653748
1762,2.978949651289346
1763,3.431145832961224
1764,3.1597188358992367
1765,3.8347550055628408
1766,3.2451244006433235
1767,3.0561708925200417
1768,3.526262986718162
1769,3.1075925653905045
1770,3.476488698945686
1771,3.381912101130695
1772,3.228444212066184
1773,3.7795128962177955
1774,3.2688169946543466
1775,3.3523736270522537
1776,3.929851945437001
1777,3.2736655878651635
1778,3.765081485648869
1779,3.2831987215937195
1780,3.2983521030567364
1781,4.004252381049262
1782,3.18368963323848
1783,3.398060772376459
1784,3.340283961942184
1785,3.2423364019195366
1786,4.143157288172331
1787,3.358938041119779
1788,3.3952594496450375
1789,4.1445210833995585
1790,3.2573012629439932
1791,3.92541519411817
1792,3.5181466912300863
1793,3.3736260602532697
1794,4.128205053710939
1795,3.3843966955093356
1796,3.5130410756601154
1797,3.9037654175632612
1798,3.3240687406375065
1799,4.154560652315533
1800,2.4980608600546104
